{
  "UserAgent": "MobileHub/1.0",
  "Version": "1.0",
  "CredentialsProvider": {
    "CognitoIdentity": {
      "Default": {
        "PoolId": "us-east-2:b6c3a867-eb39-4165-894b-983f5d33d798",
        "Region": "us-east-2"
      }
    }
  },
  "IdentityManager": {
    "Default": {}
  },
  "CognitoUserPool": {
    "Default": {
      "PoolId": "us-east-2_osDA3tUb7",
      "AppClientId": "b6mtbf64ro727jo1s2p0ijoo",
      "AppClientSecret": "1o4j4j57jic476avi9tkaueo1cuaqhtn3dlq5d1jnh602ahqf75g",
      "Region": "us-east-2"
    }
  },
  "DynamoDBObjectMapper": {
    "Default": {
      "Region": "us-east-2"
    }
  },
  "PinpointAnalytics": {
    "Default": {
      "AppId": "ee6a75b4e5a845efb30e59413870b989",
      "Region": "us-east-1"
    }
  },
  "PinpointTargeting": {
    "Default": {
      "Region": "us-east-1"
    }
  }
}